,City,Country,Latitude,Longitude,Temperature(F),Humidity,WindSpeed (MPH),Cloudiness
0,Katsuura,JP,33.93,134.5,49.7,84,1.7,0
1,Port Alfred,ZA,-33.59,26.89,68.78,98,3.04,44
2,Ushuaia,AR,-54.81,-68.31,44.6,87,6.93,40
3,Pangnirtung,CA,66.15,-65.72,32.0,82,10.29,75
4,Busselton,AU,-33.64,115.35,63.56,100,16.69,24
5,Oistins,BB,13.07,-59.53,84.2,66,16.11,40
6,Nantucket,US,41.28,-70.1,38.12,93,8.05,90
7,Berlevag,NO,70.86,29.09,29.59,92,36.91,75
8,Qaanaaq,GL,77.48,-69.36,3.53,81,8.08,0
9,Juneau,US,58.3,-134.42,37.4,40,18.34,40
10,Norman Wells,CA,65.28,-126.83,5.0,65,6.93,75
11,Albany,AU,-35.02,117.88,63.56,92,9.53,92
12,Chuy,UY,-33.69,-53.46,69.23,92,8.75,32
13,Hobart,AU,-42.88,147.33,53.6,71,3.36,20
14,Cape Town,ZA,-33.93,18.42,62.6,88,11.41,0
15,Hermanus,ZA,-34.42,19.24,58.7,92,4.16,12
16,Cotonou,BJ,6.37,2.43,84.2,79,13.87,40
17,Langsa,ID,4.47,97.97,70.67,96,2.15,68
18,Cikampek,ID,-6.42,107.46,68.78,94,3.27,0
19,Mahebourg,MU,-20.41,57.7,80.6,88,6.93,75
20,New Norfolk,AU,-42.78,147.06,53.6,71,3.36,20
21,Kaitangata,NZ,-46.28,169.85,61.22,58,33.35,0
22,Bulgan,MN,48.81,103.53,21.98,76,0.47,56
23,Longyearbyen,SJ,78.22,15.64,8.6,50,16.11,75
24,Cherskiy,RU,68.75,161.3,30.35,75,6.06,8
25,Batagay-Alyta,RU,67.8,130.41,7.4,85,4.94,80
26,Jaisalmer,IN,26.91,70.91,77.06,42,7.52,0
27,Torbay,CA,47.66,-52.73,30.2,63,4.7,75
28,Chokurdakh,RU,70.62,147.9,20.0,80,7.85,68
29,Jamestown,SH,-15.94,-5.72,74.63,100,13.44,20
30,Talnakh,RU,69.49,88.39,-11.06,73,9.64,64
31,Ponta do Sol,CV,17.2,-25.09,68.96,100,13.78,32
32,Pierre,US,44.37,-100.35,17.6,67,14.99,40
33,The Valley,AI,18.22,-63.06,82.4,61,9.17,20
34,Rikitea,PF,-23.12,-134.97,80.03,100,12.44,88
35,San Felipe,VE,10.34,-68.74,80.03,62,3.38,68
36,Siocon,PH,11.03,124.04,77.78,100,2.37,12
37,Constitucion,CL,-35.33,-72.42,59.33,95,4.16,20
38,Hervey Bay,AU,-25.3,152.85,72.74,100,16.8,100
39,Jaragua,BR,-15.76,-49.33,72.92,95,4.27,32
40,Khatanga,RU,71.98,102.47,-24.11,36,3.38,24
41,Kapaa,US,22.08,-159.32,76.86,65,4.7,90
42,Castro,CL,-42.48,-73.76,59.78,95,11.32,92
43,Nizhniy Odes,RU,63.64,54.86,39.35,88,10.76,92
44,Punta Arenas,CL,-53.16,-70.91,45.45,61,10.29,40
45,Camacha,PT,33.08,-16.33,62.6,63,11.41,20
46,Tabou,CI,4.42,-7.36,81.83,100,10.65,44
47,Lompoc,US,34.64,-120.46,62.02,72,11.41,40
48,Arraial do Cabo,BR,-22.97,-42.02,85.05,66,3.36,40
49,Vaini,TO,-21.2,-175.2,78.8,88,13.87,75
50,Maniitsoq,GL,65.42,-52.9,26.3,80,2.04,0
51,Mayo,CA,63.59,-135.9,14.0,36,2.24,20
52,Butaritari,KI,3.07,172.79,79.58,100,5.95,56
53,Qasigiannguit,GL,68.82,-51.19,17.6,92,2.24,40
54,Avarua,CK,-21.21,-159.78,80.6,83,8.05,75
55,Bethel,US,60.79,-161.76,24.8,58,14.99,1
56,Atuona,PF,-9.8,-139.03,80.75,100,16.46,100
57,Kodiak,US,39.95,-94.76,39.2,80,19.46,90
58,Krasnoborsk,RU,61.56,45.93,35.12,97,11.43,80
59,Ecoporanga,BR,-18.37,-40.83,84.53,51,4.94,56
60,Bajil,YE,15.06,43.29,75.26,67,3.6,0
61,Tuktoyaktuk,CA,69.44,-133.03,-0.71,70,4.7,90
62,Ribeira Grande,PT,38.52,-28.7,59.0,62,10.29,20
63,Itacarambi,BR,-15.1,-44.09,85.52,52,2.82,0
64,Luangwa,ZM,-12.88,28.25,66.17,94,2.82,56
65,Whitley Bay,GB,55.04,-1.44,42.28,100,5.82,90
66,Port Elizabeth,ZA,-33.92,25.57,68.0,94,4.7,40
67,Lebu,CL,-37.62,-73.65,59.15,95,3.15,44
68,Sao Filipe,CV,14.9,-24.5,69.68,99,14.45,0
69,Khandyga,RU,62.65,135.58,11.63,75,5.95,68
70,Hilo,US,19.71,-155.08,72.84,78,5.82,90
71,Tasiilaq,GL,65.61,-37.64,21.2,73,20.8,88
72,Coihaique,CL,-45.58,-72.07,56.03,87,8.05,75
73,Azul,AR,-36.78,-59.86,75.17,49,4.94,0
74,Dikson,RU,73.51,80.55,-10.52,73,10.42,12
75,Chicama,PE,-7.84,-79.15,73.4,73,8.05,0
76,Ixtapa,MX,20.71,-105.21,82.91,34,2.93,0
77,Williams Lake,CA,52.13,-122.14,37.4,32,11.41,75
78,Comodoro Rivadavia,AR,-45.87,-67.48,55.4,93,10.29,75
79,Benghazi,LY,32.12,20.07,59.0,77,9.17,0
80,Tuatapere,NZ,-46.13,167.69,57.26,100,27.31,80
81,Necochea,AR,-38.55,-58.74,73.91,61,5.61,0
82,Bredasdorp,ZA,-34.53,20.04,68.0,82,6.93,12
83,Pevek,RU,69.7,170.27,27.02,70,6.62,0
84,Yellowknife,CA,62.45,-114.38,6.8,46,9.17,20
85,Isla Mujeres,MX,21.23,-86.73,82.4,65,19.46,40
86,Upernavik,GL,72.79,-56.15,18.38,100,9.08,88
87,Bambous Virieux,MU,-20.34,57.76,80.6,88,6.93,75
88,Faanui,PF,-16.48,-151.75,81.56,100,10.42,80
89,Bowen,AU,-20.01,148.25,71.6,94,16.11,90
90,Hobyo,SO,5.35,48.53,81.74,84,10.31,88
91,Umm Kaddadah,SD,13.6,26.69,67.34,14,10.2,0
92,La Rioja,AR,-29.41,-66.86,82.64,42,3.83,0
93,Bat Yam,IL,32.02,34.75,63.59,77,1.12,20
94,Fairbanks,US,64.84,-147.72,20.03,44,17.22,40
95,Fortuna,US,40.6,-124.16,57.02,58,5.82,1
96,Paamiut,GL,61.99,-49.67,32.87,90,6.29,24
97,Husavik,IS,66.04,-17.34,26.6,92,2.24,40
98,Puerto Ayora,EC,-0.74,-90.35,86.0,51,5.82,20
99,Kruisfontein,ZA,-34.0,24.73,66.08,95,10.2,0
100,Belyy Yar,RU,53.6,91.39,21.2,67,8.95,0
101,Moindou,NC,-21.69,165.68,71.6,78,2.24,75
102,North Bend,US,43.41,-124.22,53.6,58,8.05,75
103,Saint-Philippe,RE,-21.36,55.77,79.65,78,13.87,20
104,Channel-Port aux Basques,CA,47.57,-59.14,29.72,100,9.19,8
105,Lagoa,PT,37.14,-8.45,59.0,87,13.87,0
106,Saryozek,KZ,44.36,77.98,23.6,75,4.38,0
107,Baghdad,IQ,33.3,44.38,75.2,31,3.36,0
108,Bluff,NZ,-46.6,168.33,57.71,98,38.61,92
109,Tiksi,RU,71.64,128.87,2.36,77,6.62,56
110,Biltine,TD,14.53,20.93,72.74,19,9.64,0
111,Kokopo,PG,-4.34,152.27,82.01,100,9.19,24
112,Narsaq,GL,60.91,-46.05,41.0,41,6.93,75
113,Puerto Carreno,CO,6.19,-67.49,79.76,79,2.37,32
114,Pangody,RU,65.85,74.49,-3.68,52,10.2,68
115,Haradok,BY,55.46,29.99,35.84,90,8.86,92
116,Barrow,US,39.51,-90.4,47.32,100,18.34,90
117,Huanren,CN,41.26,125.37,27.29,56,5.28,0
118,Leh,IN,34.16,77.58,13.97,92,1.36,88
119,Adrar,DZ,27.87,-0.29,84.2,9,5.82,0
120,Marawi,SD,18.48,31.82,66.98,23,6.17,0
121,Morondava,MG,-20.3,44.28,80.03,93,5.39,56
122,Saskylakh,RU,71.97,114.09,-20.6,30,5.39,0
123,Nosy Varika,MG,-20.58,48.53,75.26,100,2.93,56
124,Sitka,US,37.17,-99.65,51.14,34,28.43,0
125,Chiredzi,ZW,-21.05,31.67,70.58,74,3.71,0
126,Chapais,CA,49.78,-74.86,14.0,40,5.82,1
127,Vestmannaeyjar,IS,63.44,-20.27,32.42,100,12.21,48
128,Victoria,SC,-4.62,55.45,84.2,79,2.24,40
129,Mareeba,AU,-16.99,145.42,71.6,88,3.36,0
130,Bayji,IQ,34.93,43.49,72.65,31,7.63,92
131,Flinders,AU,-34.58,150.85,59.0,100,5.82,0
132,Kabanjahe,ID,3.1,98.49,66.26,100,1.59,64
133,Korcula,HR,42.96,17.14,53.6,54,2.24,0
134,Pachperwa,IN,27.52,82.65,67.16,75,3.15,8
135,Mar del Plata,AR,-46.43,-67.52,64.1,64,4.27,80
136,Ancud,CL,-41.87,-73.83,60.5,97,11.65,92
137,Hofn,IS,64.25,-15.21,33.86,100,23.73,0
138,Baculin,PH,7.45,126.58,74.99,97,6.51,8
139,Nikolskoye,RU,59.7,30.79,30.2,58,4.47,40
140,Georgetown,SH,-7.93,-14.42,78.8,69,11.41,20
141,Shingu,JP,33.72,135.99,61.76,91,10.2,0
142,Carbonia,IT,39.17,8.53,59.99,87,10.29,92
143,Eureka,US,40.8,-124.16,57.22,66,5.82,1
144,Aklavik,CA,68.22,-135.01,3.2,65,11.41,90
145,Kavieng,PG,-2.57,150.8,83.63,100,8.41,12
146,Puerto Ayacucho,VE,5.66,-67.62,82.46,84,4.27,64
147,Grand Gaube,MU,-20.01,57.66,80.6,88,6.93,75
148,Vila Velha,BR,-3.71,-38.6,84.2,70,13.87,20
149,San Juan,AR,-31.54,-68.53,81.02,43,2.59,0
150,Port Lincoln,AU,-34.72,135.86,58.7,100,8.41,12
151,Nalut,LY,31.86,10.98,77.06,23,16.24,0
152,Vilyuysk,RU,63.75,121.63,-0.26,66,2.59,48
153,Cap-aux-Meules,CA,47.38,-61.86,32.0,97,9.17,40
154,East London,ZA,-33.02,27.91,73.1,100,2.59,88
155,Dalvik,IS,65.97,-18.53,26.6,92,2.24,40
156,Buchanan,LR,5.88,-10.05,82.4,83,3.36,40
157,Sola,VU,-13.88,167.55,81.56,100,8.63,64
158,Port Pirie,AU,-33.18,138.01,53.6,93,5.82,0
159,Lima,PE,-12.06,-77.04,68.96,68,2.71,36
160,Fort Nelson,CA,58.81,-122.69,17.6,52,4.7,75
161,Trat,TH,12.25,102.51,78.05,100,2.71,64
162,Natal,BR,-5.81,-35.21,82.4,78,11.41,40
163,Touros,BR,-5.2,-35.46,82.28,81,14.12,80
164,Vallenar,CL,-28.58,-70.76,67.88,69,2.93,0
165,Moose Factory,CA,51.26,-80.61,8.6,55,16.11,1
166,Guerrero Negro,MX,27.97,-114.04,67.7,59,11.77,0
167,Alyangula,AU,-13.85,136.42,83.36,100,3.15,12
168,Kalaleh,IR,37.38,55.49,47.72,92,4.38,12
169,Atambua,ID,-9.11,124.89,76.34,100,3.83,48
170,Havre-Saint-Pierre,CA,50.23,-63.6,32.0,91,9.17,1
171,Tazovskiy,RU,67.47,78.7,-12.14,59,6.51,24
172,Dingle,IE,52.14,-10.27,45.92,95,7.52,0
173,Poum,NC,-20.23,164.02,79.31,100,17.36,100
174,Colesberg,ZA,-30.72,25.1,55.82,98,2.37,80
175,Godo,JP,35.42,136.61,59.0,87,2.24,0
176,Bundaberg,AU,-24.87,152.35,76.52,99,24.07,92
177,Banepa,NP,27.63,85.52,60.8,87,5.82,75
178,Sorong,ID,-0.86,131.25,78.14,100,3.15,56
179,Carnarvon,AU,-24.87,113.63,81.11,87,18.03,0
180,Gull Lake,CA,50.1,-108.48,17.6,72,11.41,1
181,Mount Gambier,AU,-37.83,140.78,44.03,87,2.26,0
182,Gympie,AU,-26.2,152.66,65.81,98,6.62,92
183,Esil,KZ,51.96,66.41,18.74,83,9.42,0
184,Viedma,AR,-40.81,-62.99,81.92,38,13.11,8
185,Tuy Hoa,VN,13.08,109.3,70.67,98,2.59,68
186,Lensk,RU,60.71,114.91,5.96,64,2.71,68
187,Simao,CN,22.76,100.79,54.83,90,1.92,0
188,Bafia,CM,4.74,11.22,72.29,96,3.15,76
189,Tirumullaivasal,IN,11.24,79.84,78.95,95,6.51,0
190,Kirakira,SB,-10.46,161.92,82.82,100,10.42,80
191,Iqaluit,CA,63.75,-68.52,15.8,85,23.04,90
192,Senador Jose Porfirio,BR,-2.59,-51.95,77.51,95,3.6,76
193,Olavarria,AR,-36.89,-60.32,75.35,50,6.62,0
194,Hit,IQ,33.64,42.83,75.35,29,10.2,88
195,Hithadhoo,MV,-0.6,73.08,83.0,100,4.27,80
196,Dahegam,IN,23.17,72.82,84.2,26,3.36,0
197,Yokadouma,CM,3.52,15.05,72.29,85,2.71,20
198,Haines Junction,CA,60.75,-137.51,11.0,75,2.93,80
199,Kahului,US,20.89,-156.47,76.24,74,19.46,40
200,Cayenne,GF,4.94,-52.33,84.2,70,11.41,0
201,Gorontalo,ID,0.54,123.06,71.93,96,1.81,20
202,Nelson Bay,AU,-32.72,152.14,66.2,93,5.82,75
203,Asmara,ER,15.34,38.93,64.55,90,2.59,0
204,Thompson,CA,55.74,-97.86,14.0,40,14.99,75
205,Solnechnyy,RU,50.72,136.64,23.87,62,9.64,48
206,Livingstone,ZM,-17.84,25.85,66.89,67,4.5,0
207,Saint George,BM,32.38,-64.68,71.6,73,6.93,75
208,Caravelas,BR,-17.73,-39.27,81.29,100,14.79,0
209,Alofi,NU,-19.06,-169.92,82.73,98,18.14,88
210,Sakete,BJ,6.74,2.66,84.2,79,13.87,40
211,Burgeo,CA,47.61,-57.61,31.43,100,20.04,0
212,San Vicente,PH,14.11,122.87,80.21,100,10.42,12
213,Nome,US,30.04,-94.42,80.17,61,16.11,90
214,Nsanje,MW,-16.92,35.26,77.87,74,6.85,12
215,Kuching,MY,1.56,110.34,75.2,100,3.36,75
216,Suslovo,RU,56.22,88.12,15.59,69,8.08,64
217,Verkhoyansk,RU,67.55,133.39,12.08,79,5.5,88
218,Den Helder,NL,52.96,4.76,48.15,87,11.41,75
219,Leningradskiy,RU,69.38,178.42,15.86,97,23.73,20
220,Shar,KZ,49.59,81.05,17.75,87,7.4,24
221,Murdochville,CA,48.96,-65.49,28.19,74,12.1,80
222,Aksum,ET,14.12,38.72,65.9,42,3.6,80
223,Cidreira,BR,-30.17,-50.22,71.93,88,4.16,100
224,Madera,MX,29.2,-108.14,65.72,31,6.51,0
225,Meulaboh,ID,4.14,96.13,79.13,100,4.27,64
226,Zhigansk,RU,66.77,123.37,-5.75,57,6.29,8
227,Mehamn,NO,71.03,27.85,30.2,80,23.04,75
228,Clyde River,CA,70.47,-68.59,8.6,71,20.8,1
229,Cuyo,PH,10.85,121.01,81.56,99,9.08,44
230,Porbandar,IN,21.64,69.61,72.92,84,8.75,12
231,Angoram,PG,-4.06,144.07,75.17,99,2.26,80
232,Lahat,ID,-3.78,103.55,71.57,99,3.38,92
233,Esperance,AU,-33.86,121.89,70.49,62,13.0,0
234,Kihei,US,20.76,-156.45,76.28,74,19.46,40
235,Saginaw,US,43.42,-83.95,36.05,96,18.34,90
236,Winnemucca,US,40.97,-117.74,53.6,18,3.27,1
237,Ballina,IE,54.11,-9.15,37.4,100,11.41,90
238,Sao Jose da Coroa Grande,BR,-8.9,-35.15,77.6,93,7.4,32
239,Agadez,NE,16.97,7.99,75.98,16,8.97,0
240,Vostok,RU,46.45,135.83,15.32,51,3.71,0
241,Puquio,PE,-14.69,-74.12,54.2,60,6.73,32
242,Imbituba,BR,-28.24,-48.67,75.2,78,13.87,75
243,Barabai,ID,-2.59,115.38,74.72,96,2.48,88
244,Sisimiut,GL,66.94,-53.67,21.53,92,1.14,32
245,Ahipara,NZ,-35.17,173.16,64.55,98,3.15,44
246,Pitimbu,BR,-7.47,-34.81,82.4,69,11.41,40
247,Vernon,FR,49.09,1.49,46.4,87,11.41,0
248,Ilulissat,GL,69.22,-51.1,17.6,92,2.24,40
249,Abong Mbang,CM,3.98,13.18,67.97,96,2.37,48
250,Moranbah,AU,-22.0,148.04,67.34,92,17.36,100
251,Pringsewu,ID,-5.36,104.98,74.18,97,0.69,80
252,Oyama,JP,36.31,139.8,51.89,93,3.36,40
253,Puerto del Rosario,ES,28.5,-13.86,66.2,68,17.22,40
254,Padang,ID,-0.92,100.36,81.65,100,0.36,32
255,West Bay,KY,19.37,-81.42,84.2,70,16.11,20
256,La Ronge,CA,55.1,-105.3,14.0,43,11.41,5
257,Lorengau,PG,-2.02,147.27,84.26,95,12.55,68
258,Athabasca,CA,54.72,-113.29,20.9,91,4.16,36
259,Oktyabrskiy,RU,55.61,37.97,32.02,80,4.47,0
260,Perth,AU,-31.95,115.86,66.2,100,3.36,8
261,Carauari,BR,-4.88,-66.9,80.93,84,6.17,76
262,Cootamundra,AU,-34.64,148.03,56.72,94,4.94,0
263,Deputatskiy,RU,69.3,139.9,-3.41,60,2.71,32
264,Pesaro,IT,43.91,12.91,50.0,93,1.12,0
265,Zomin,UZ,39.96,68.4,51.86,83,3.83,0
266,Lhanbryde,GB,57.64,-3.22,36.19,100,5.82,75
267,Chinsali,ZM,-10.55,32.07,65.27,91,7.85,64
268,Grindavik,IS,63.84,-22.43,30.31,74,21.92,40
269,Bubaque,GW,11.28,-15.83,77.0,73,13.87,0
270,Aykhal,RU,65.95,111.51,-6.47,56,2.71,8
271,Scarborough,GB,54.28,-0.41,46.4,87,4.7,8
272,Sarkand,KZ,45.41,79.91,20.45,82,7.74,0
273,Urusha,RU,54.05,122.9,11.81,42,6.85,0
274,Nouadhibou,MR,20.93,-17.03,66.2,77,18.34,44
275,Baringo,KE,0.47,35.97,59.15,96,2.26,24
276,Saint-Francois,GP,16.25,-61.27,82.4,61,10.29,75
277,Emerald,AU,-23.53,148.16,71.48,61,15.68,64
278,Kulhudhuffushi,MV,6.62,73.07,83.27,100,6.29,88
279,Raudeberg,NO,61.99,5.14,34.38,69,12.75,92
280,Namibe,AO,-15.19,12.15,79.04,100,10.42,92
281,Cabo San Lucas,MX,22.89,-109.91,77.99,50,11.41,5
282,Chiriguana,CO,9.36,-73.6,83.81,92,2.93,68
283,Port Hardy,CA,50.7,-127.42,42.8,81,5.82,75
284,Yuxia,CN,34.06,108.63,53.6,58,17.9,76
285,Harper,LR,4.38,-7.71,81.74,100,8.75,44
286,Pavlodar,KZ,52.28,76.96,23.0,100,6.71,0
287,Campbell River,CA,50.02,-125.24,45.82,65,5.82,75
288,Vao,NC,-22.67,167.48,78.14,100,21.05,56
289,Freeport,US,42.3,-89.62,35.64,100,17.22,90
290,Yarada,IN,17.65,83.27,83.45,97,12.66,0
291,Niamey,NE,13.52,2.11,95.0,6,5.82,0
292,Srandakan,ID,-7.94,110.25,67.16,100,2.48,20
293,Arlit,NE,18.74,7.39,79.85,28,7.96,76
294,Vardo,NO,70.37,31.11,29.57,100,23.04,75
295,Conde,BR,-11.81,-37.61,82.55,76,8.19,0
296,Luba,GQ,3.46,8.55,78.8,88,1.12,20
297,Bilma,NE,18.69,12.92,70.13,25,7.18,0
298,Shache,CN,38.42,77.24,52.85,53,7.96,88
299,Plouzane,FR,48.38,-4.62,50.0,87,26.4,88
300,Thunder Bay,CA,48.41,-89.26,24.8,49,5.82,90
301,Severo-Kurilsk,RU,50.68,156.12,32.6,97,16.91,92
302,San Cristobal,EC,-1.02,-79.44,63.83,100,2.82,92
303,Rawson,AR,-43.3,-65.11,80.48,31,8.63,76
304,Gambiran,ID,-7.93,111.77,65.18,95,2.71,20
305,Kanke,IN,23.41,85.32,67.88,73,6.62,0
306,Santa Teresa,VE,10.26,-66.69,82.4,69,4.7,75
307,Jucas,BR,-6.53,-39.53,82.46,64,4.72,44
308,Wokingham,GB,51.41,-0.83,47.89,87,8.05,20
309,Lethem,GY,3.38,-59.8,78.86,84,6.85,88
310,Port Hedland,AU,-20.31,118.58,77.0,78,4.7,0
311,Uglovskoye,RU,51.36,80.19,21.53,87,4.61,24
312,Pimentel,PE,-6.84,-79.94,80.6,57,18.34,0
313,Fare,PF,-16.7,-151.02,80.93,100,6.51,76
314,Lindi,TZ,-10.0,39.71,73.55,96,2.37,36
315,Baker City,US,44.77,-117.83,48.2,29,20.8,1
316,Komsomolskiy,RU,67.55,63.78,14.96,86,13.56,92
317,Tilichiki,RU,60.47,166.1,33.32,81,11.43,0
318,Cap Malheureux,MU,-19.98,57.61,80.6,88,6.93,75
319,Luau,AO,-10.71,22.22,64.55,99,2.37,92
320,Yining,CN,29.04,114.56,62.3,97,1.92,92
321,Flin Flon,CA,54.77,-101.88,17.6,31,6.93,20
322,Pirapemas,BR,-3.73,-44.23,78.32,92,6.29,64
323,Naze,JP,28.37,129.48,69.32,100,10.76,92
324,Stokmarknes,NO,68.56,14.91,22.82,68,5.82,0
325,Zlatoust,RU,55.17,59.68,24.41,91,3.94,8
326,Shimoda,JP,34.7,138.93,64.46,99,11.21,0
327,Boyolangu,ID,-8.09,111.9,70.22,93,4.16,36
328,Arkadelphia,US,34.12,-93.05,80.6,54,12.75,90
329,Coro,VE,11.41,-69.67,84.17,66,11.43,24
330,Sur,OM,22.57,59.53,80.66,84,5.73,8
331,Thetford Mines,CA,46.09,-71.3,41.78,51,3.27,68
332,Beringovskiy,RU,63.05,179.32,23.51,100,7.52,8
333,Sao Joao da Barra,BR,-21.64,-41.05,82.4,65,4.7,75
334,Teya,RU,60.37,92.63,3.53,62,7.63,44
335,Anchorage,US,61.22,-149.89,28.63,39,10.29,40
336,Souillac,MU,-20.52,57.52,80.6,88,6.93,75
337,Yar-Sale,RU,66.83,70.83,8.21,90,14.79,76
338,Port Blair,IN,11.67,92.75,83.36,100,0.47,48
339,Malatya,TR,38.35,38.32,44.6,45,12.75,0
340,Kandalaksha,RU,67.15,32.41,28.55,86,6.29,92
341,Robertson,ZA,-33.8,19.88,55.19,92,2.15,12
342,Udachnyy,RU,66.42,112.4,-3.77,62,2.48,0
343,Klaksvik,FO,62.23,-6.59,28.4,79,3.49,0
344,Nemuro,JP,43.32,145.57,37.28,91,5.39,80
345,Pishva,IR,35.31,51.73,61.72,24,6.93,0
346,Maneadero,MX,31.72,-116.57,71.75,41,3.6,0
347,Chala,TZ,-7.6,31.27,60.59,93,2.82,44
348,Taybad,IR,34.74,60.78,47.72,88,5.17,0
349,Kurumkan,RU,54.33,110.32,0.2,65,2.15,68
350,Moron,MN,47.38,110.32,13.88,60,6.96,8
351,Lavrentiya,RU,65.58,-170.99,21.53,97,21.72,0
352,College,US,64.86,-147.8,20.03,44,17.22,40
353,Mangrol,IN,25.33,76.51,68.06,45,2.59,0
354,Assiniboia,CA,49.63,-105.99,22.25,100,9.75,0
355,Wuwei,CN,37.93,102.64,32.6,61,5.39,12
356,Jumla,NP,29.28,82.18,29.18,84,1.92,44
357,Piquete,BR,-22.61,-45.18,76.01,78,9.17,40
358,Cabedelo,BR,-6.97,-34.84,82.4,69,11.41,40
359,Kholodnyy,RU,62.72,147.95,21.08,83,7.74,76
360,Manono,CD,-7.3,27.4,69.95,100,4.16,92
361,Bandarbeyla,SO,9.49,50.81,80.48,100,8.52,92
362,Broome,AU,-17.97,122.23,73.4,94,3.36,0
363,Buala,SB,-8.15,159.59,81.65,95,7.4,20
364,Saldanha,ZA,-33.01,17.94,64.4,72,3.36,24
365,Osakarovka,KZ,50.56,72.58,10.01,66,8.08,0
366,Byron Bay,AU,-28.65,153.62,71.6,73,10.29,90
367,Aswan,EG,24.09,32.9,74.45,30,13.67,0
368,Malartic,CA,48.14,-78.13,24.8,58,10.29,75
369,Ngara,TZ,-2.51,30.66,59.33,95,2.59,80
370,Mirpur Mathelo,PK,28.02,69.55,83.36,49,9.42,48
371,Ishigaki,JP,24.34,124.16,73.01,100,8.97,92
372,Tura,RU,64.27,100.22,9.65,80,2.26,68
373,Palmer,US,61.6,-149.11,28.67,38,26.4,1
374,Pisco,PE,-13.71,-76.2,80.6,54,20.8,0
375,Gorin,RU,51.2,136.66,23.87,62,9.64,48
376,Trairi,BR,-3.28,-39.27,81.56,100,14.67,32
377,Lobito,AO,-12.35,13.55,70.4,95,2.59,24
378,Strezhevoy,RU,60.73,77.6,5.0,71,6.71,0
379,Rio Grande,BR,-32.03,-52.1,77.0,73,13.87,40
380,Oranzherei,RU,45.85,47.57,46.4,61,11.18,0
381,Kharovsk,RU,59.95,40.21,29.81,89,13.0,32
382,Rocha,UY,-34.48,-54.34,68.06,84,7.4,80
383,Clarence Town,BS,23.1,-74.98,76.79,100,11.21,20
384,Isangel,VU,-19.55,169.27,79.13,100,14.23,76
385,Talcahuano,CL,-36.72,-73.12,59.0,82,4.16,90
386,Portland,AU,-33.35,149.98,55.82,94,2.59,80
387,Fayetteville,US,36.06,-94.16,45.79,81,19.46,90
388,Provideniya,RU,64.42,-173.23,25.04,100,12.66,0
389,Rio Gallegos,AR,-51.62,-69.22,48.2,70,4.7,40
390,Ferrol,ES,43.48,-8.23,47.03,76,6.93,40
391,Maningrida,AU,-12.05,134.23,78.86,91,5.17,32
392,Yumen,CN,40.29,97.04,41.87,53,17.25,12
393,Luderitz,NA,-26.65,15.16,68.0,68,2.24,56
394,Hay River,CA,60.82,-115.79,6.8,60,12.75,40
395,Nizhniy Tsasuchey,RU,50.52,115.13,13.43,49,3.94,64
396,Trebinje,BA,42.71,18.34,49.77,54,8.05,0
397,Filadelfia,PY,-22.35,-60.04,85.88,51,5.17,0
398,Les Escoumins,CA,48.35,-69.4,29.0,59,2.59,88
399,Erzin,RU,50.26,95.16,11.54,69,11.32,44
400,Sinop,TR,42.03,35.15,48.35,96,5.17,0
401,Langxiang,CN,46.95,128.87,21.26,36,5.73,0
402,Kargasok,RU,59.06,80.87,9.74,71,5.39,0
403,Bathsheba,BB,13.22,-59.52,84.2,66,16.11,40
404,Banda Aceh,ID,5.56,95.32,75.26,100,2.59,44
405,Samaro,PK,25.28,69.4,80.3,47,10.76,0
406,Tarquinia,IT,42.25,11.76,55.4,58,6.93,0
407,Palembang,ID,-2.99,104.76,73.55,98,3.6,88
408,Tailai,CN,46.39,123.41,24.5,37,9.19,0
409,Sterlibashevo,RU,53.44,55.26,30.98,90,15.79,0
410,Plettenberg Bay,ZA,-34.05,23.37,65.27,93,10.87,48
411,Vuktyl,RU,63.86,57.31,37.73,85,10.98,92
412,Makarov,RU,48.62,142.78,26.66,69,17.47,0
413,Washougal,US,45.58,-122.35,46.99,61,3.15,20
414,Khash,IR,28.22,61.21,50.6,53,2.71,0
415,Niigata,JP,37.91,139.04,45.56,100,2.93,88
416,Gamba,GA,-2.72,10.02,81.38,100,4.61,56
417,Marsh Harbour,BS,26.54,-77.06,74.45,100,12.66,36
418,Bella Union,UY,-30.28,-57.6,77.33,75,5.39,8
419,Pedernales,DO,18.04,-71.74,75.89,100,3.38,36
420,Surgut,RU,61.25,73.4,17.6,44,8.95,68
421,Veraval,IN,20.9,70.37,75.44,94,10.42,0
422,Roebourne,AU,-20.77,117.15,77.15,85,3.49,0
423,Ust-Nera,RU,64.57,143.24,10.46,71,2.26,68
424,Inhambane,MZ,-23.87,35.38,75.2,94,7.18,20
425,Hasaki,JP,35.73,140.83,50.85,100,2.24,20
426,Bhadrapur,NP,26.55,88.09,66.8,91,2.71,36
427,Nehe,CN,48.48,124.88,18.02,38,9.19,0
428,Saint-Avertin,FR,47.36,0.74,49.23,93,11.41,0
429,Matagami,CA,49.76,-77.63,15.8,25,4.7,1
430,Kyenjojo,UG,0.61,30.64,63.2,97,2.82,80
431,Tullahoma,US,35.36,-86.21,80.6,42,24.16,40
432,Ampanihy,MG,-24.69,44.75,72.83,81,6.06,24
433,Olinda,BR,-22.82,-43.41,82.83,62,8.05,75
434,Broken Hill,AU,-31.97,141.45,50.6,89,6.62,0
435,Kayerkan,RU,69.35,87.76,-11.06,74,12.44,68
436,Lac du Bonnet,CA,50.25,-96.06,19.82,70,10.98,0
437,Spornoye,RU,50.84,37.29,32.0,99,4.47,0
438,Yermekeyevo,RU,54.07,53.67,33.32,93,15.46,0
439,Yartsevo,RU,55.07,32.69,30.44,89,9.19,68
440,Varhaug,NO,58.61,5.65,42.8,70,20.8,75
441,Newport,US,41.49,-71.31,38.75,93,9.17,90
442,Terney,RU,45.05,136.61,33.68,75,10.42,36
443,Peniche,PT,39.36,-9.38,56.43,82,13.87,40
444,Kawalu,ID,-7.38,108.21,64.1,98,1.36,36
445,Namwala,ZM,-15.75,26.45,73.28,68,10.31,12
446,Phan Thiet,VN,10.93,108.1,75.71,98,11.65,12
447,Bela,PK,26.23,66.31,61.22,93,1.59,0
448,Havoysund,NO,71.0,24.66,31.08,100,24.16,75
449,Tchollire,CM,8.4,14.17,86.06,33,5.06,88
450,Mecca,SA,21.43,39.83,86.0,55,2.59,0
451,Shunyi,CN,40.13,116.65,37.4,93,2.24,0
452,Ban Phai,TH,16.55,102.46,75.2,94,3.15,32
453,Jesup,US,31.61,-81.89,87.44,33,8.05,75
454,Srednekolymsk,RU,67.46,153.71,28.19,97,4.27,8
455,Teano,IT,41.25,14.07,57.97,55,2.24,0
456,Jieshi,CN,22.82,115.83,66.98,100,4.16,48
457,Hambantota,LK,6.12,81.12,79.04,100,5.5,0
458,Waddan,LY,29.16,16.14,63.56,24,7.63,12
459,Dubbo,AU,-32.25,148.6,64.4,82,10.29,8
460,Aripuana,BR,-9.17,-60.63,83.36,77,2.59,20
461,Senneterre,CA,48.39,-77.24,24.8,58,10.29,75
462,Alice Springs,AU,-23.7,133.88,59.0,54,5.82,0
463,Maasin,PH,10.89,122.43,71.48,98,7.63,8
464,Shizunai,JP,42.33,142.37,34.13,84,5.39,68
465,Port Shepstone,ZA,-30.74,30.45,74.0,99,5.61,88
466,Luganville,VU,-15.51,167.18,80.48,100,9.19,64
467,Saeby,DK,57.33,10.52,38.81,87,18.81,92
468,Iquitos,PE,-3.75,-73.25,77.0,88,4.7,90
469,Spirit River,CA,55.78,-118.84,17.6,67,13.87,75
470,Sirohi,IN,24.89,72.86,66.08,47,4.38,0
471,Hamilton,BM,32.3,-64.78,71.6,73,6.93,75
472,Castanos,MX,26.78,-101.42,85.43,20,10.76,88
473,Tezu,IN,27.93,96.16,62.12,51,1.92,0
474,Menzelinsk,RU,55.73,53.11,35.6,64,20.13,0
475,Kidal,ML,18.44,1.41,72.65,19,4.61,0
476,Port Maria,JM,18.37,-76.89,86.0,62,12.75,40
477,Ambon,ID,-3.7,128.18,79.85,100,8.19,44
478,Sterling,US,39.0,-77.4,50.95,81,6.93,75
479,Isla Aguada,MX,18.78,-91.49,93.2,38,8.05,20
480,Svetlogorsk,RU,53.14,59.15,26.6,92,11.18,90
481,Uribia,CO,11.71,-72.27,88.13,47,15.23,64
482,Kapit,MY,2.02,112.94,71.3,97,1.48,68
483,Killybegs,IE,54.63,-8.45,37.64,100,13.44,92
484,Savalou,BJ,7.93,1.98,82.19,64,7.74,8
485,Rabo de Peixe,PT,37.8,-25.58,59.0,67,11.41,20
486,Kamina,CD,-8.74,25.0,65.63,100,4.38,92
487,Emirdag,TR,39.02,31.15,33.14,90,2.59,0
488,Half Moon Bay,US,37.46,-122.43,67.24,55,14.99,1
489,Moscow,US,46.73,-117.0,48.45,81,5.82,20
490,Maralal,KE,1.1,36.7,55.82,94,2.48,24
491,Troutdale,US,45.53,-122.39,46.9,61,3.15,20
492,Nuevo Progreso,MX,17.14,-95.05,90.92,50,20.71,0
493,Lhokseumawe,ID,5.18,97.15,82.46,100,2.82,8
494,Pont-Audemer,FR,49.35,0.52,47.73,81,10.29,0
495,Chabahar,IR,25.29,60.65,78.23,95,9.53,0
496,Kajaani,FI,64.22,27.73,28.4,79,17.22,75
497,Ambanja,MG,-13.68,48.45,68.69,95,2.59,12
498,Poya,NC,-21.35,165.16,77.51,100,12.44,56
499,Quzhou,CN,28.97,118.86,62.75,100,1.36,92
500,Niihama,JP,33.96,133.28,53.3,95,3.71,0
501,Sinnamary,GF,5.38,-52.96,80.93,93,8.41,92
502,Zihuatanejo,MX,17.64,-101.55,84.2,70,11.41,5
503,Voyvozh,RU,62.89,54.96,36.38,88,16.02,36
504,Mongo,TD,12.18,18.69,73.19,51,3.6,8
505,Camapua,BR,-19.53,-54.04,75.53,85,4.72,20
506,Awjilah,LY,29.14,21.3,60.77,51,8.97,32
507,Durres,AL,41.32,19.44,50.0,71,3.36,0
508,Buckingham,CA,45.58,-75.42,41.0,48,11.41,90
509,Vanavara,RU,60.35,102.28,10.82,83,2.82,56
510,Fereydun Kenar,IR,36.69,52.52,55.4,87,7.18,90
511,Harlingen,NL,53.18,5.41,48.92,100,5.82,90
512,Nadym,RU,65.53,72.51,6.77,72,11.1,68
513,Saint-Andre-Avellin,CA,45.72,-75.07,41.0,48,11.41,90
514,Dublin,US,40.1,-83.11,56.71,93,10.29,40
515,Baoning,CN,25.34,110.03,71.6,83,2.37,75
516,Teknaf,BD,20.86,92.31,70.4,98,2.59,0
517,Elizabethtown,US,40.15,-76.6,43.83,93,4.7,90
518,Straumen,NO,63.87,11.3,34.52,51,13.87,0
519,Marfino,RU,56.07,37.56,32.54,74,6.71,0
520,Aleksandrov Gay,RU,50.14,48.57,37.55,93,11.77,92
521,Guapi,CO,2.57,-77.89,79.49,93,2.82,64
522,Oussouye,SN,12.49,-16.54,75.2,73,6.93,0
523,Fuente Palmera,ES,37.7,-5.1,59.0,72,12.75,32
524,Nishihara,JP,35.74,139.53,57.04,93,3.36,0
525,Taoudenni,ML,22.68,-3.98,77.42,16,9.53,0
526,Marienburg,SR,5.88,-55.04,86.0,62,9.17,20
527,Porto Walter,BR,-8.27,-72.74,77.87,97,2.93,32
528,Arroyo,US,41.39,-78.88,45.18,93,9.17,90
529,Nakhon Phanom,TH,17.41,104.78,69.95,83,2.15,12
530,Wukari,NG,7.87,9.78,86.78,57,13.44,20
531,Dartford,GB,51.45,0.21,49.55,76,10.29,40
532,Ranong,TH,9.96,98.62,82.1,100,8.41,0
533,Jackson,US,35.61,-88.82,76.71,47,14.99,90
534,Waipawa,NZ,-39.94,176.59,65.9,54,17.25,0
535,Miri,MY,4.41,114.01,77.0,100,4.7,75
536,High Prairie,CA,55.43,-116.48,21.35,58,4.61,56
537,Riyadh,SA,24.63,46.72,77.0,33,5.82,75
538,Pandan,PH,11.72,122.09,79.13,100,11.65,68
539,Muros,ES,42.77,-9.06,44.6,93,10.29,40
540,Vila Franca do Campo,PT,37.72,-25.43,59.0,67,11.41,20
541,Ruston,US,32.52,-92.64,83.07,51,13.87,75
542,Warrington,US,40.25,-75.13,42.19,99,3.36,90
543,Queanbeyan,AU,-35.35,149.23,59.0,82,5.82,75
544,Rodeo,MX,25.18,-104.56,76.43,18,5.61,92
545,Palasbari,IN,26.14,91.55,66.08,82,2.48,0
546,Lokosovo,RU,61.13,74.84,10.37,69,8.75,48
547,Kavaratti,IN,10.57,72.64,83.54,100,7.96,8
548,Jalu,LY,29.03,21.55,61.85,46,9.98,44
549,Ponta Delgada,PT,37.73,-25.67,59.0,67,11.41,20
550,Arlington,US,32.74,-97.11,71.73,64,16.11,20
551,Ostrovnoy,RU,68.05,39.51,31.34,97,7.18,92
552,Pacific Grove,US,36.62,-121.92,66.61,38,6.93,1
553,Dunedin,NZ,-45.87,170.5,62.03,49,17.92,12
554,Mocuba,MZ,-16.84,36.99,73.55,90,2.59,12
555,Caetite,BR,-14.07,-42.48,80.66,50,2.71,44
556,Nshamba,TZ,-1.8,31.55,68.33,100,4.38,92
557,Nanortalik,GL,60.14,-45.24,32.87,100,21.72,32
558,Port Macquarie,AU,-31.43,152.91,64.4,100,4.7,64
559,Melilla,ES,35.29,-2.94,60.48,77,11.41,0
560,Maneromango,TZ,-7.2,38.78,73.28,95,3.15,76
561,Hohr-Grenzhausen,DE,50.43,7.67,53.67,62,12.75,0
562,Tessalit,ML,20.2,1.01,70.31,19,2.93,0
563,Ugoofaaru,MV,5.67,73.0,84.53,100,5.73,20
564,Mahalapye,BW,-23.11,26.83,65.9,77,7.18,0
565,Lander,US,42.83,-108.73,37.4,23,5.82,1
566,San Patricio,MX,19.22,-104.7,77.0,69,11.41,5
567,Soller,ES,39.77,2.72,59.0,87,6.93,75
568,Nileshwar,IN,12.25,75.1,83.27,100,5.95,12
569,Chumikan,RU,54.72,135.31,22.16,59,14.12,76
570,Grand Forks,CA,49.03,-118.46,42.8,48,11.41,90
571,Taiyuan,CN,37.86,112.56,37.4,44,15.66,0
572,Boende,CD,-0.28,20.88,73.46,91,3.83,64
573,Pula,HR,44.87,13.85,51.71,93,5.82,75
574,Teguise,ES,29.06,-13.56,64.4,72,12.75,20
575,Ambilobe,MG,-13.19,49.05,75.71,75,6.62,8
576,Kenora,CA,49.76,-94.48,16.75,31,9.17,40
577,Jawar,IN,23.0,76.5,73.37,32,8.41,0
578,Surt,LY,31.21,16.59,59.87,96,14.12,0
579,Carutapera,BR,-1.2,-46.02,80.84,87,4.72,56
580,Suntar,RU,62.16,117.65,6.95,70,2.59,68
581,Rey Bouba,CM,8.67,14.18,86.06,33,5.06,88
582,Chipurupalle,IN,18.32,83.57,64.37,96,2.37,0
583,Actopan,MX,20.27,-98.94,82.28,26,3.38,44
584,Korla,CN,41.76,86.15,32.24,47,5.39,0
585,Setermoen,NO,68.86,18.35,15.8,72,2.24,40
586,Koslan,RU,63.46,48.9,37.55,98,10.42,92
587,Mount Isa,AU,-20.73,139.49,69.8,64,6.93,0
588,Ilhabela,BR,-23.78,-45.36,76.79,100,5.28,56
589,Xinqing,CN,48.28,129.53,17.93,41,6.06,8
590,Port Hawkesbury,CA,45.62,-61.36,39.2,32,9.17,1
591,Miles City,US,46.41,-105.84,19.4,73,4.7,1
592,Meitingen,DE,48.55,10.85,51.84,81,4.7,68
593,Nikel,RU,69.41,30.22,28.4,92,14.99,75
594,Prince Rupert,CA,54.32,-130.32,41.0,60,6.93,40
595,Tupelo,US,34.26,-88.7,84.2,37,16.11,20
596,Angoche,MZ,-16.23,39.91,83.36,100,8.86,88
597,Matara,LK,5.95,80.54,77.42,100,3.94,24
598,Sembe,CG,1.65,14.58,69.68,99,2.26,44
599,Port-Gentil,GA,-0.72,8.78,80.6,88,6.93,20
